epoch,train_mse,num_graphs,num_nodes
1,0.20665104649230545,125,6375
2,0.20159366596943024,125,6375
3,0.19699153865143365,125,6375
4,0.2011634789915646,125,6375
