epoch,train_mse,num_graphs,num_nodes
1,0.1463179870981212,125,6375
2,0.14462769268307032,125,6375
3,0.14193104039724258,125,6375
4,0.1443867663419349,125,6375
