epoch,train_mse,num_graphs,num_nodes
1,0.22032964283241996,18,2541
2,0.20991485466501086,18,2541
3,0.20817758982128068,18,2541
4,0.20653782084156144,18,2541
