epoch,train_mse,num_graphs,num_nodes
1,0.14738080959862063,125,6375
2,0.14868883233312882,125,6375
3,0.1526229028820115,125,6375
4,0.1414386008472419,125,6375
